Độ khó,Backtracking (ms),CP (ms),CP+BT (ms),% Cải thiện
Dễ,463.3899986743927,5.469179153442383,7.847660779953003,98.30646738116864
Siêu khó,488.7416362762451,7.049560546875,2.3131608963012695,99.52671089904977
