Độ khó,Backtracking (ms),CP (ms),CP+BT (ms),% Cải thiện
Dễ,386.8726134300232,4.789912700653076,4.36626672744751,98.87139420680722
Siêu khó,394.38480138778687,1.0843674341837566,5.428890387217204,98.62345344746713
