Độ khó,Backtracking (ms),CP (ms),CP+BT (ms),% Cải thiện
Dễ,667.7489757537842,24.979108572006226,23.204368352890015,96.52498630541577
Siêu khó,722.9361295700073,6.659936904907227,8.347845077514648,98.84528594767012
